{
  "b_max": 0.1585604895660102,
  "b_min": 0,
  "bs_prb": 4.418947147239427,
  "constructive_opt": 1,
  "k_max": 2,
  "k_min": 4,
  "max_it": 234,
  "max_pert": 17,
  "max_pert_math": 0,
  "mi_prob": 7.289589927675246,
  "n_pert": 20,
  "p_shaw": 0,
  "p_worst": 1,
  "phi": 4,
  "psi": 1,
  "qui": 3,
  "re_prb": 5.273944342003542,
  "reinsertion_opt": 1,
  "rr_prob": 5.890217853755493,
  "rs_prb": 1.0631396328333538,
  "size": 58,
  "solver_choice": 0,
  "sr_prob": 2.6313499107465783,
  "wr_prob": 1.2783465131499754
}