{"1": 14.105889055648847, "2": 14.105889055648847, "3": 15.094982974099645, "4": 15.104116439738068, "5": 16.103012710868533, "6": 15.103078623633452, "7": 15.10778318536731, "8": 14.104485016373456, "9": 15.099081872794123, "10": 14.103150382836644}