{
  "b_max": 0.12793253627933063,
  "b_min": 3,
  "bs_prb": 2.702400003186324,
  "constructive_opt": 1,
  "k_max": 5,
  "k_min": 5,
  "max_it": 91,
  "max_pert": 29,
  "max_pert_math": 51,
  "mi_prob": 6.6130854414654,
  "n_pert": 37,
  "p_shaw": 2,
  "p_worst": 10,
  "phi": 4,
  "psi": 2,
  "qui": 9,
  "re_prb": 9.083010882524038,
  "reinsertion_opt": 1,
  "rr_prob": 1.355339304425268,
  "rs_prb": 7.788473360408002,
  "size": 44,
  "solver_choice": 0,
  "sr_prob": 4.991643254255267,
  "wr_prob": 6.440885483906615
}