{
  "b_max": 0.2117291346936019,
  "b_min": 1,
  "bs_prb": 1.1291665183312447,
  "constructive_opt": 1,
  "k_max": 2,
  "k_min": 5,
  "max_it": 56,
  "max_pert": 37,
  "max_pert_math": 297,
  "mi_prob": 5.306247188838469,
  "n_pert": 52,
  "p_shaw": 9,
  "p_worst": 1,
  "phi": 0,
  "psi": 0,
  "qui": 1,
  "re_prb": 7.5627912639757495,
  "reinsertion_opt": 0,
  "rr_prob": 7.920967102863649,
  "rs_prb": 4.864231867981061,
  "size": 38,
  "solver_choice": 0,
  "sr_prob": 9.751986336711441,
  "wr_prob": 9.359973366610873
}