{"1": 1e+39, "2": 1e+39, "3": 1e+39, "4": 1.0999999999999999e+39, "5": 1.0999999999999999e+39, "6": 1.0999999999999999e+39, "7": 1e+39, "8": 1e+39, "9": 1.0999999999999999e+39, "10": 1e+39, "11": 1e+39, "12": 1e+39, "13": 1e+39, "14": 1e+39, "15": 1e+39, "16": 1.0999999999999999e+39, "17": 1.0999999999999999e+39, "18": 1.0999999999999999e+39, "19": 1e+39, "20": 1e+39, "21": 1e+39, "22": 1e+39, "23": 1e+39, "24": 1e+39, "25": 1e+39, "26": 1e+39, "27": 1e+39, "28": 1e+39, "29": 1e+39, "30": 1e+39, "31": 1e+39, "32": 1e+39, "33": 1.0999999999999999e+39, "34": 1e+39, "35": 1.0999999999999999e+39, "36": 1e+39, "37": 1e+39, "38": 1.0999999999999999e+39, "39": 1e+39, "40": 1e+39, "41": 1.0999999999999999e+39, "42": 1e+39, "43": 1e+39, "44": 1e+39, "45": 1.0999999999999999e+39, "46": 1e+39, "47": 1e+39, "48": 1.0999999999999999e+39, "49": 1e+39, "50": 1e+39}