{
  "b_max": 0.3879167509152567,
  "b_min": 4,
  "bs_prb": 9.694032839427278,
  "insertion_heuristic_greedy_heuristic": 1,
  "k_max": 1,
  "k_min": 5,
  "max_it": 155,
  "max_it_improv": 129,
  "max_pert": 15,
  "max_pert_math": 7,
  "mi_prob": 5.178508302169307,
  "mrc_incr": 0.6344838659640119,
  "n_pert": 5,
  "p_shaw": 9,
  "p_worst": 3,
  "phi": 7,
  "psi": 6,
  "qui": 6,
  "re_prb": 3.6082468996750503,
  "reinsertion_opt": 1,
  "rr_prob": 1.1898855693953618,
  "rs_prb": 8.2125867917868,
  "size": 138,
  "solver_choice": 0,
  "sr_prob": 7.082770750217554,
  "time_limit_sb": 2,
  "wr_prob": 6.231082992842965
}